"","Munic.","Razão Social","Emissão","Número","TipoDoc.","Chave de Acesso","Valor","Data Emissão","Tipo Operação","Situação Docto"
"","Santana Do Livramento","Cgr Fronteira Sul Ltda","30/12/22","76009","Nota Fiscal de Consumidor Eletrônica","4322120451162600011365 0220000760091495211974","R$288,25","30/12/22","Aquisição","Normal"
"","Santana Do Livramento","Com De Medic Brair Ltda","30/12/22","1255579","Nota Fiscal de Consumidor Eletrônica","4322128821211302780665 0010012555791157649367","R$62,46","30/12/22","Aquisição","Normal"
"","Santana Do Livramento","Righi Com De Generos Aliment Ltda","30/12/22","195225","Nota Fiscal de Consumidor Eletrônica","4322128989720100022865 0220001952251251413547","R$76,90","30/12/22","Aquisição","Normal"
"","Santana Do Livramento","Righi Com De Generos Aliment Ltda","29/12/22","181666","Nota Fiscal de Consumidor Eletrônica","4322128989720100030965 0080001816661312310001","R$61,11","29/12/22","Aquisição","Normal"
"","Santana Do Livramento","Righi Com De Generos Aliment Ltda","23/12/22","180740","Nota Fiscal de Consumidor Eletrônica","4322128989720100030965 0080001807401409962679","R$80,08","23/12/22","Aquisição","Normal"
"","Santana Do Livramento","Righi Com De Generos Aliment Ltda","22/12/22","208722","Nota Fiscal de Consumidor Eletrônica","4322128989720100030965 0060002087221351042105","R$47,20","22/12/22","Aquisição","Normal"
"","Santana Do Livramento","Righi Com De Generos Aliment Ltda","20/12/22","85545","Nota Fiscal de Consumidor Eletrônica","4322128989720100030965 0090000855451928231944","R$43,51","20/12/22","Aquisição","Normal"
"","Santana Do Livramento","Righi Com De Generos Aliment Ltda","19/12/22","180188","Nota Fiscal de Consumidor Eletrônica","4322128989720100030965 0080001801881775604293","R$34,76","19/12/22","Aquisição","Normal"
"","Santana Do Livramento","Righi Com De Generos Aliment Ltda","16/12/22","185078","Nota Fiscal de Consumidor Eletrônica","4322128989720100030965 0070001850781361298257","R$160,61","16/12/22","Aquisição","Normal"
"","Santana Do Livramento","Com De Medic Brair Ltda","17/11/22","55536","Nota Fiscal de Consumidor Eletrônica","4322118821211301148965 0030000555361308485816","R$68,79","17/11/22","Aquisição","Normal"
"","Santana Do Livramento","Grupo Casas Bahia S.A.","29/10/22","16536","Nota Fiscal de Consumidor Eletrônica","4322103304126017091465 0000000165361001902215","R$349,00","29/10/22","Aquisição","Normal"
"","Santana Do Livramento","Righi Com De Generos Aliment Ltda","30/09/22","206826","Nota Fiscal de Consumidor Eletrônica","4322098989720100022865 0230002068261108103886","R$109,16","30/09/22","Aquisição","Normal"
"","Santana Do Livramento","Righi Com De Generos Aliment Ltda","22/09/22","196738","Nota Fiscal de Consumidor Eletrônica","4322098989720100030965 0060001967381106961040","R$72,81","22/09/22","Aquisição","Normal"
"","Santana Do Livramento","Righi Com De Generos Aliment Ltda","19/09/22","208384","Nota Fiscal de Consumidor Eletrônica","4322098989720100022865 0280002083841036131088","R$52,24","19/09/22","Aquisição","Normal"
"","Santana Do Livramento","Righi Com De Generos Aliment Ltda","14/09/22","72318","Nota Fiscal de Consumidor Eletrônica","4322098989720100030965 0090000723181861497317","R$81,70","14/09/22","Aquisição","Normal"
"","Santana Do Livramento","Righi Com De Generos Aliment Ltda","13/09/22","72176","Nota Fiscal de Consumidor Eletrônica","4322098989720100030965 0090000721761813250296","R$27,63","13/09/22","Aquisição","Normal"
"","Santana Do Livramento","Righi Com De Generos Aliment Ltda","12/09/22","91529","Nota Fiscal de Consumidor Eletrônica","4322098989720100030965 0100000915291614577689","R$55,15","12/09/22","Aquisição","Normal"
"","Santana Do Livramento","Righi Com De Generos Aliment Ltda","10/09/22","166120","Nota Fiscal de Consumidor Eletrônica","4322098989720100030965 0080001661201617259460","R$105,95","10/09/22","Aquisição","Normal"
"","Santana Do Livramento","Righi Com De Generos Aliment Ltda","09/09/22","71550","Nota Fiscal de Consumidor Eletrônica","4322098989720100030965 0090000715501791660277","R$57,15","09/09/22","Aquisição","Normal"
"","Santana Do Livramento","Righi Com De Generos Aliment Ltda","02/09/22","194079","Nota Fiscal de Consumidor Eletrônica","4322098989720100030965 0060001940791788108130","R$47,93","02/09/22","Aquisição","Normal"
"","Santana Do Livramento","Righi Com De Generos Aliment Ltda","29/08/22","69738","Nota Fiscal de Consumidor Eletrônica","4322088989720100030965 0090000697381683108823","R$67,71","29/08/22","Aquisição","Normal"
"","Santana Do Livramento","Righi Com De Generos Aliment Ltda","25/08/22","69139","Nota Fiscal de Consumidor Eletrônica","4322088989720100030965 0090000691391801678866","R$39,14","25/08/22","Aquisição","Normal"
"","Santana Do Livramento","Com De Medic Brair Ltda","21/08/22","1015314","Nota Fiscal de Consumidor Eletrônica","4322088821211301148965 0020010153141103087067","R$511,36","21/08/22","Aquisição","Normal"
"","Santana Do Livramento","Righi Com De Generos Aliment Ltda","05/08/22","169066","Nota Fiscal de Consumidor Eletrônica","4322088989720100030965 0070001690661727232202","R$52,66","05/08/22","Aquisição","Normal"
"","Santana Do Livramento","Righi Com De Generos Aliment Ltda","18/07/22","160728","Nota Fiscal de Consumidor Eletrônica","4322078989720100022865 0250001607281971410856","R$165,29","19/07/22","Aquisição","Normal"
"","Santana Do Livramento","Righi Com De Generos Aliment Ltda","09/07/22","198634","Nota Fiscal de Consumidor Eletrônica","4322078989720100022865 0230001986341914929410","R$500,78","09/07/22","Aquisição","Normal"
"","Santana Do Livramento","Supermercado Niederauer S.A.","26/06/22","255121","Nota Fiscal de Consumidor Eletrônica","4322068812521600012465 0300002551211579189105","R$165,39","26/06/22","Aquisição","Normal"
"","Santana Do Livramento","Righi Com De Generos Aliment Ltda","19/06/22","186044","Nota Fiscal de Consumidor Eletrônica","4322068989720100022865 0270001860441151525350","R$310,44","19/06/22","Aquisição","Normal"
"","Santana Do Livramento","Righi Com De Generos Aliment Ltda","15/06/22","184926","Nota Fiscal de Consumidor Eletrônica","4322068989720100030965 0060001849261186610360","R$27,78","15/06/22","Aquisição","Normal"
"","Santana Do Livramento","Righi Com De Generos Aliment Ltda","13/06/22","153753","Nota Fiscal de Consumidor Eletrônica","4322068989720100030965 0080001537531910310355","R$44,15","13/06/22","Aquisição","Normal"
"","Santana Do Livramento","Righi Com De Generos Aliment Ltda","12/06/22","195975","Nota Fiscal de Consumidor Eletrônica","4322068989720100022865 0230001959751221007514","R$288,21","12/06/22","Aquisição","Normal"
"","Santana Do Livramento","Righi Com De Generos Aliment Ltda","10/06/22","163518","Nota Fiscal de Consumidor Eletrônica","4322068989720100030965 0070001635181825610215","R$76,86","10/06/22","Aquisição","Normal"
"","Santana Do Livramento","Righi Com De Generos Aliment Ltda","09/06/22","184265","Nota Fiscal de Consumidor Eletrônica","4322068989720100030965 0060001842651562076891","R$81,84","10/06/22","Aquisição","Normal"
"","Santana Do Livramento","Righi Com De Generos Aliment Ltda","05/06/22","58775","Nota Fiscal de Consumidor Eletrônica","4322068989720100030965 0090000587751237916239","R$178,16","05/06/22","Aquisição","Normal"
"","Santana Do Livramento","Righi Com De Generos Aliment Ltda","04/06/22","183659","Nota Fiscal de Consumidor Eletrônica","4322068989720100030965 0060001836591107345102","R$26,63","04/06/22","Aquisição","Normal"
"","Santana Do Livramento","Righi Com De Generos Aliment Ltda","03/06/22","58516","Nota Fiscal de Consumidor Eletrônica","4322068989720100030965 0090000585161336877817","R$87,52","03/06/22","Aquisição","Normal"
"","Santana Do Livramento","Righi Com De Generos Aliment Ltda","01/06/22","183227","Nota Fiscal de Consumidor Eletrônica","4322068989720100030965 0060001832271466209929","R$57,49","01/06/22","Aquisição","Normal"
"","Santana Do Livramento","Righi Com De Generos Aliment Ltda","31/05/22","75416","Nota Fiscal de Consumidor Eletrônica","4322058989720100030965 0100000754161104501101","R$40,63","31/05/22","Aquisição","Normal"
"","Santana Do Livramento","Righi Com De Generos Aliment Ltda","29/05/22","151703","Nota Fiscal de Consumidor Eletrônica","4322058989720100030965 0080001517031210249519","R$33,41","29/05/22","Aquisição","Normal"
"","Santana Do Livramento","Righi Com De Generos Aliment Ltda","26/05/22","74768","Nota Fiscal de Consumidor Eletrônica","4322058989720100030965 0100000747681400810383","R$75,20","26/05/22","Aquisição","Normal"
"","Santana Do Livramento","Righi Com De Generos Aliment Ltda","24/05/22","157537","Nota Fiscal de Consumidor Eletrônica","4322058989720100022865 0250001575371133110977","R$22,67","24/05/22","Aquisição","Normal"
"","Santana Do Livramento","Righi Com De Generos Aliment Ltda","22/05/22","183187","Nota Fiscal de Consumidor Eletrônica","4322058989720100022865 0270001831871065119698","R$252,20","23/05/22","Aquisição","Normal"
"","Santana Do Livramento","Righi Com De Generos Aliment Ltda","16/05/22","55985","Nota Fiscal de Consumidor Eletrônica","4322058989720100030965 0090000559851671088456","R$120,57","16/05/22","Aquisição","Normal"
"","Santana Do Livramento","Righi Com De Generos Aliment Ltda","13/05/22","180954","Nota Fiscal de Consumidor Eletrônica","4322058989720100030965 0060001809541117911138","R$67,83","13/05/22","Aquisição","Normal"
"","Santana Do Livramento","Righi Com De Generos Aliment Ltda","11/05/22","160954","Nota Fiscal de Consumidor Eletrônica","4322058989720100030965 0070001609541341083099","R$40,31","11/05/22","Aquisição","Normal"
"","Santana Do Livramento","Righi Com De Generos Aliment Ltda","09/05/22","110545","Nota Fiscal de Consumidor Eletrônica","4322058989720100146165 0040001105451210437512","R$7,30","09/05/22","Aquisição","Normal"
"","Santana Do Livramento","Righi Com De Generos Aliment Ltda","07/05/22","180264","Nota Fiscal de Consumidor Eletrônica","4322058989720100030965 0060001802641608419690","R$70,42","07/05/22","Aquisição","Normal"
"","Santana Do Livramento","Righi Com De Generos Aliment Ltda","02/05/22","179642","Nota Fiscal de Consumidor Eletrônica","4322058989720100030965 0060001796421105618988","R$85,28","02/05/22","Aquisição","Normal"
"","Santana Do Livramento","Righi Com De Generos Aliment Ltda","29/04/22","70974","Nota Fiscal de Consumidor Eletrônica","4322048989720100030965 0100000709741609964596","R$211,31","29/04/22","Aquisição","Normal"
"","Santana Do Livramento","Righi Com De Generos Aliment Ltda","14/04/22","177456","Nota Fiscal de Consumidor Eletrônica","4322048989720100030965 0060001774561331884105","R$28,50","14/04/22","Aquisição","Normal"
"","Santana Do Livramento","Righi Com De Generos Aliment Ltda","12/04/22","157178","Nota Fiscal de Consumidor Eletrônica","4322048989720100030965 0070001571781286231080","R$33,72","13/04/22","Aquisição","Normal"
"","Santana Do Livramento","Righi Com De Generos Aliment Ltda","04/04/22","50898","Nota Fiscal de Consumidor Eletrônica","4322048989720100030965 0090000508981515044109","R$74,35","04/04/22","Aquisição","Normal"
"","Santana Do Livramento","Righi Com De Generos Aliment Ltda","30/03/22","227726","Nota Fiscal de Consumidor Eletrônica","4322038989720100022865 0200002277261647374946","R$73,56","30/03/22","Aquisição","Normal"
"","Santana Do Livramento","Com De Medic Brair Ltda","26/03/22","891502","Nota Fiscal de Consumidor Eletrônica","4322038821211301148965 0020008915021794778495","R$79,92","28/03/22","Aquisição","Normal"
"","Santana Do Livramento","Righi Com De Generos Aliment Ltda","24/03/22","174943","Nota Fiscal de Consumidor Eletrônica","4322038989720100030965 0060001749431407487413","R$52,00","28/03/22","Aquisição","Normal"
"","Santana Do Livramento","Righi Com De Generos Aliment Ltda","20/03/22","174395","Nota Fiscal de Consumidor Eletrônica","4322038989720100030965 0060001743951210118253","R$108,11","23/03/22","Aquisição","Normal"
"","Santana Do Livramento","Righi Com De Generos Aliment Ltda","14/03/22","48266","Nota Fiscal de Consumidor Eletrônica","4322038989720100030965 0090000482661234923152","R$49,77","14/03/22","Aquisição","Normal"
"","Santana Do Livramento","Righi Com De Generos Aliment Ltda","14/03/22","187425","Nota Fiscal de Consumidor Eletrônica","4322038989720100022865 0210001874251341066146","R$360,56","14/03/22","Aquisição","Normal"
"","Santana Do Livramento","Righi Com De Generos Aliment Ltda","14/03/22","227417","Nota Fiscal de Consumidor Eletrônica","4322038989720100065165 0330002274171948510300","R$64,34","14/03/22","Aquisição","Normal"
"","Santana Do Livramento","Righi Com De Generos Aliment Ltda","14/03/22","210647","Nota Fiscal de Consumidor Eletrônica","4322038989720100065165 0300002106471602444819","R$137,12","14/03/22","Aquisição","Normal"
"","Santana Do Livramento","Righi Com De Generos Aliment Ltda","11/03/22","152742","Nota Fiscal de Consumidor Eletrônica","4322038989720100030965 0070001527421102984393","R$47,73","11/03/22","Aquisição","Normal"
"","Santana Do Livramento","Righi Com De Generos Aliment Ltda","07/03/22","63336","Nota Fiscal de Consumidor Eletrônica","4322038989720100030965 0100000633361966293083","R$58,20","07/03/22","Aquisição","Normal"
"","Santana Do Livramento","Righi Com De Generos Aliment Ltda","02/03/22","185852","Nota Fiscal de Consumidor Eletrônica","4322038989720100022865 0280001858521104661967","R$163,26","02/03/22","Aquisição","Normal"
"","Santana Do Livramento","Righi Com De Generos Aliment Ltda","22/02/22","185080","Nota Fiscal de Consumidor Eletrônica","4322028989720100022865 0210001850801781071072","R$355,97","22/02/22","Aquisição","Normal"
"","Santana Do Livramento","Righi Com De Generos Aliment Ltda","15/02/22","60362","Nota Fiscal de Consumidor Eletrônica","4322028989720100030965 0100000603621625630414","R$116,80","15/02/22","Aquisição","Normal"
"","Santana Do Livramento","Righi Com De Generos Aliment Ltda","12/02/22","171647","Nota Fiscal de Consumidor Eletrônica","4322028989720100022865 0260001716471461410850","R$211,73","12/02/22","Aquisição","Normal"
"","Santana Do Livramento","Righi Com De Generos Aliment Ltda","11/02/22","137195","Nota Fiscal de Consumidor Eletrônica","4322028989720100030965 0080001371951891010618","R$110,82","12/02/22","Aquisição","Normal"
"","Santana Do Livramento","Righi Com De Generos Aliment Ltda","08/02/22","169218","Nota Fiscal de Consumidor Eletrônica","4322028989720100030965 0060001692181870174437","R$85,68","08/02/22","Aquisição","Normal"
"","Santana Do Livramento","Righi Com De Generos Aliment Ltda","07/02/22","148392","Nota Fiscal de Consumidor Eletrônica","4322028989720100030965 0070001483921149997971","R$43,43","07/02/22","Aquisição","Normal"
"","Gravatai","Magazine Luiza S/A","05/02/22","376283","Nota Fiscal Eletrônica","4322024796095017730755 0010003762831075590772","R$4.300,00","05/02/22","Aquisição","Normal"
"","Santana Do Livramento","Righi Com De Generos Aliment Ltda","05/02/22","136359","Nota Fiscal de Consumidor Eletrônica","4322028989720100030965 0080001363591175553332","R$70,06","06/02/22","Aquisição","Normal"
"","Santana Do Livramento","Righi Com De Generos Aliment Ltda","03/02/22","45254","Nota Fiscal de Consumidor Eletrônica","4322028989720100030965 0090000452541587245024","R$59,14","03/02/22","Aquisição","Normal"
"","Santana Do Livramento","Righi Com De Generos Aliment Ltda","30/01/22","44602","Nota Fiscal de Consumidor Eletrônica","4322018989720100030965 0090000446021811091150","R$78,44","30/01/22","Aquisição","Normal"
"","Santana Do Livramento","Magazine Luiza S/A","29/01/22","26133","Nota Fiscal Eletrônica","4322014796095010123855 0010000261331067224539","R$4.300,00","29/01/22","Aquisição","Normal"
"","Santana Do Livramento","Righi Com De Generos Aliment Ltda","27/01/22","44180","Nota Fiscal de Consumidor Eletrônica","4322018989720100030965 0090000441801797107732","R$55,91","27/01/22","Aquisição","Normal"
"","Santana Do Livramento","Righi Com De Generos Aliment Ltda","26/01/22","44155","Nota Fiscal de Consumidor Eletrônica","4322018989720100030965 0090000441551387410165","R$64,02","26/01/22","Aquisição","Normal"
"","Santana Do Livramento","Righi Com De Generos Aliment Ltda","16/01/22","180423","Nota Fiscal de Consumidor Eletrônica","4322018989720100022865 0280001804231787861494","R$245,93","16/01/22","Aquisição","Normal"