"","Munic.","Razão Social","Emissão","Número","TipoDoc.","Chave de Acesso","Valor","Data Emissão","Tipo Operação","Situação Docto"
"","Porto Alegre","Dimed S.A. Distrib De Medic","01/01/25","829606","Nota Fiscal de Consumidor Eletrônica","4325019266561101846765 1010008296061264133213","R$54,67","01/01/25","Aquisição","Normal"
"","Porto Alegre","Mab Com De Alimentos Ltda","31/12/24","127513","Nota Fiscal de Consumidor Eletrônica","4324120152348600100465 0810001275131826343858","R$50,80","31/12/24","Aquisição","Normal"
"","Santana Do Livramento","Righi Com De Generos Aliment Ltda","26/12/24","281581","Nota Fiscal de Consumidor Eletrônica","4324128989720100030965 0060002815811815921102","R$533,68","26/12/24","Aquisição","Normal"
"","Gramado","Florybal Chocolates Ltda","25/12/24","183393","Nota Fiscal de Consumidor Eletrônica","4324129377806600078365 0020001833931403865765","R$35,00","25/12/24","Aquisição","Normal"
"","Gramado","Florybal Chocolates Ltda","23/12/24","246331","Nota Fiscal de Consumidor Eletrônica","4324129377806600132165 0020002463311508195763","R$18,00","23/12/24","Aquisição","Normal"
"","Santana Do Livramento","Righi Com De Generos Aliment Ltda","22/12/24","281094","Nota Fiscal de Consumidor Eletrônica","4324128989720100030965 0060002810941111020842","R$75,34","22/12/24","Aquisição","Normal"
"","Santana Do Livramento","Righi Com De Generos Aliment Ltda","22/12/24","281118","Nota Fiscal de Consumidor Eletrônica","4324128989720100030965 0060002811181575810870","R$81,96","22/12/24","Aquisição","Normal"
"","Santana Do Livramento","Modazine Com De Vest Ltda","21/12/24","128581","Nota Fiscal de Consumidor Eletrônica","4324121902011600100165 1500001285811007702256","R$119,98","21/12/24","Aquisição","Normal"
"","Santana Do Livramento","Com De Medic Brair Ltda","21/12/24","1299","Nota Fiscal de Consumidor Eletrônica","4324128821211301148965 0050000012991017029897","R$465,15","21/12/24","Aquisição","Normal"
"","Santana Do Livramento","Righi Com De Generos Aliment Ltda","19/12/24","187232","Nota Fiscal de Consumidor Eletrônica","4324128989720100030965 0090001872321976258270","R$30,78","19/12/24","Aquisição","Normal"
"","Santana Do Livramento","Righi Com De Generos Aliment Ltda","18/12/24","280691","Nota Fiscal de Consumidor Eletrônica","4324128989720100030965 0060002806919336541035","R$48,35","18/12/24","Aquisição","Normal"
"","Santana Do Livramento","Righi Com De Generos Aliment Ltda","17/12/24","280522","Nota Fiscal de Consumidor Eletrônica","4324128989720100030965 0060002805221539364423","R$37,42","17/12/24","Aquisição","Normal"
"","Santana Do Livramento","Lilas Com De Perfumarias Ltda","17/12/24","78063","Nota Fiscal de Consumidor Eletrônica","4324121295803500020665 0060000780631857929399","R$187,74","17/12/24","Aquisição","Normal"
"","Santana Do Livramento","Righi Com De Generos Aliment Ltda","16/12/24","290614","Nota Fiscal de Consumidor Eletrônica","4324128989720100030965 0070002906141832537640","R$58,33","16/12/24","Aquisição","Normal"
"","Santana Do Livramento","Righi Com De Generos Aliment Ltda","13/12/24","290157","Nota Fiscal de Consumidor Eletrônica","4324128989720100030965 0070002901571914210059","R$180,29","13/12/24","Aquisição","Normal"
"","Santana Do Livramento","Righi Com De Generos Aliment Ltda","10/12/24","185312","Nota Fiscal de Consumidor Eletrônica","4324128989720100030965 0090001853121279171088","R$56,50","10/12/24","Aquisição","Normal"
"","Santana Do Livramento","Righi Com De Generos Aliment Ltda","09/12/24","184869","Nota Fiscal de Consumidor Eletrônica","4324128989720100030965 0090001848691945610613","R$207,33","09/12/24","Aquisição","Normal"
"","Santana Do Livramento","Righi Com De Generos Aliment Ltda","06/12/24","234388","Nota Fiscal de Consumidor Eletrônica","4324128989720100030965 0100002343889101091019","R$162,64","06/12/24","Aquisição","Normal"
"","Santana Do Livramento","Righi Com De Generos Aliment Ltda","04/12/24","292850","Nota Fiscal de Consumidor Eletrônica","4324128989720100030965 0080002928501059657520","R$69,37","04/12/24","Aquisição","Normal"
"","Santana Do Livramento","Righi Com De Generos Aliment Ltda","02/12/24","279197","Nota Fiscal de Consumidor Eletrônica","4324128989720100030965 0060002791971410975380","R$43,19","02/12/24","Aquisição","Normal"
"","Santana Do Livramento","Supermercado Niederauer S.A.","02/12/24","270998","Nota Fiscal de Consumidor Eletrônica","4324128812521600012465 0430002709981497401054","R$12,88","02/12/24","Aquisição","Normal"
"","Santana Do Livramento","Com De Medic Brair Ltda","02/12/24","1721","Nota Fiscal de Consumidor Eletrônica","4324128821211312514065 0030000017211029824936","R$144,97","02/12/24","Aquisição","Normal"
"","Santana Do Livramento","Righi Com De Generos Aliment Ltda","28/11/24","233047","Nota Fiscal de Consumidor Eletrônica","4324118989720100030965 0100002330471848306011","R$216,13","28/11/24","Aquisição","Normal"
"","Santana Do Livramento","Righi Com De Generos Aliment Ltda","26/11/24","287555","Nota Fiscal de Consumidor Eletrônica","4324118989720100022865 0230002875551106977869","R$96,84","26/11/24","Aquisição","Normal"
"","Nova Santa Rita","Amazon Servicos De Varejo Do Brasil Ltda","25/11/24","24752275","Nota Fiscal Eletrônica","4324111543694000117755 0010247522751160013156","R$313,62","25/11/24","Aquisição","Normal"
"","Nova Santa Rita","Amazon Servicos De Varejo Do Brasil Ltda","25/11/24","24754542","Nota Fiscal Eletrônica","4324111543694000117755 0010247545421173948099","R$171,04","25/11/24","Aquisição","Normal"
"","Santana Do Livramento","Righi Com De Generos Aliment Ltda","24/11/24","278447","Nota Fiscal de Consumidor Eletrônica","4324118989720100030965 0060002784471401041016","R$243,62","24/11/24","Aquisição","Normal"
"","Santana Do Livramento","Righi Com De Generos Aliment Ltda","21/11/24","286874","Nota Fiscal de Consumidor Eletrônica","4324118989720100030965 0070002868741734910299","R$141,14","21/11/24","Aquisição","Normal"
"","Santana Do Livramento","Com De Medic Brair Ltda","19/11/24","624","Nota Fiscal de Consumidor Eletrônica","4324118821211301148965 0050000006241003962408","R$214,29","19/11/24","Aquisição","Normal"
"","Nova Santa Rita","Amazon Servicos De Varejo Do Brasil Ltda","18/11/24","24501301","Nota Fiscal Eletrônica","4324111543694000117755 0010245013011145520585","R$33,64","18/11/24","Aquisição","Normal"
"","Nova Santa Rita","Amazon Servicos De Varejo Do Brasil Ltda","18/11/24","24501301","Nota Fiscal Eletrônica","4324111543694000117755 0010245013011145520585","R$33,64","19/11/24","Cancelamento","Normal"
"","Santana Do Livramento","Righi Com De Generos Aliment Ltda","15/11/24","277498","Nota Fiscal de Consumidor Eletrônica","4324118989720100030965 0060002774981249385549","R$301,52","15/11/24","Aquisição","Normal"
"","Santana Do Livramento","Righi Com De Generos Aliment Ltda","11/11/24","277056","Nota Fiscal de Consumidor Eletrônica","4324118989720100030965 0060002770561201425638","R$414,48","13/11/24","Aquisição","Normal"
"","Santana Do Livramento","Supermercado Niederauer S.A.","10/11/24","387884","Nota Fiscal de Consumidor Eletrônica","4324118812521600012465 0290003878849174174877","R$49,10","10/11/24","Aquisição","Normal"
"","Santana Do Livramento","Righi Com De Generos Aliment Ltda","06/11/24","276529","Nota Fiscal de Consumidor Eletrônica","4324118989720100030965 0060002765291591081004","R$259,22","06/11/24","Aquisição","Normal"
"","Santana Do Livramento","Righi Com De Generos Aliment Ltda","02/11/24","178514","Nota Fiscal de Consumidor Eletrônica","4324118989720100030965 0090001785141815700511","R$111,80","02/11/24","Aquisição","Normal"
"","Nova Santa Rita","Amazon Servicos De Varejo Do Brasil Ltda","31/10/24","23990002","Nota Fiscal Eletrônica","4324101543694000117755 0010239900021180515848","R$36,90","31/10/24","Aquisição","Normal"
"","Santana Do Livramento","Righi Com De Generos Aliment Ltda","31/10/24","287503","Nota Fiscal de Consumidor Eletrônica","4324108989720100030965 0080002875031927519086","R$34,01","31/10/24","Aquisição","Normal"
"","Santana Do Livramento","Righi Com De Generos Aliment Ltda","30/10/24","178189","Nota Fiscal de Consumidor Eletrônica","4324108989720100146165 0030001781891641504246","R$156,20","30/10/24","Aquisição","Normal"
"","Santana Do Livramento","Righi Com De Generos Aliment Ltda","26/10/24","177205","Nota Fiscal de Consumidor Eletrônica","4324108989720100030965 0090001772051051425306","R$159,08","26/10/24","Aquisição","Normal"
"","Nova Santa Rita","Amazon Servicos De Varejo Do Brasil Ltda","21/10/24","23812329","Nota Fiscal Eletrônica","4324101543694000117755 0010238123291181619237","R$249,23","21/10/24","Aquisição","Normal"
"","Santana Do Livramento","Righi Com De Generos Aliment Ltda","19/10/24","282073","Nota Fiscal de Consumidor Eletrônica","4324108989720100030965 0070002820731141077463","R$270,28","19/10/24","Aquisição","Normal"
"","Nova Santa Rita","Amazon Servicos De Varejo Do Brasil Ltda","17/10/24","23756329","Nota Fiscal Eletrônica","4324101543694000117755 0010237563291121570444","R$150,34","17/10/24","Aquisição","Normal"
"","Santana Do Livramento","Supermercado Niederauer S.A.","16/10/24","379574","Nota Fiscal de Consumidor Eletrônica","4324108812521600012465 0320003795741870513437","R$81,62","16/10/24","Aquisição","Normal"
"","Santana Do Livramento","Righi Com De Generos Aliment Ltda","14/10/24","274278","Nota Fiscal de Consumidor Eletrônica","4324108989720100030965 0060002742781461895104","R$122,31","14/10/24","Aquisição","Normal"
"","Santana Do Livramento","Righi Com De Generos Aliment Ltda","11/10/24","284167","Nota Fiscal de Consumidor Eletrônica","4324108989720100030965 0080002841671432201130","R$70,44","11/10/24","Aquisição","Normal"
"","Santana Do Livramento","Righi Com De Generos Aliment Ltda","09/10/24","280580","Nota Fiscal de Consumidor Eletrônica","4324108989720100030965 0070002805801710710591","R$33,35","09/10/24","Aquisição","Normal"
"","Santana Do Livramento","Righi Com De Generos Aliment Ltda","05/10/24","280129","Nota Fiscal de Consumidor Eletrônica","4324108989720100030965 0070002801291974459945","R$182,07","05/10/24","Aquisição","Normal"
"","Santana Do Livramento","Righi Com De Generos Aliment Ltda","04/10/24","314373","Nota Fiscal de Consumidor Eletrônica","4324108989720100022865 0200003143731959394275","R$142,66","04/10/24","Aquisição","Normal"
"","Santana Do Livramento","Com De Medic Brair Ltda","28/09/24","211808","Nota Fiscal de Consumidor Eletrônica","4324098821211312514065 0010002118081448645359","R$251,43","28/09/24","Aquisição","Normal"
"","Santana Do Livramento","Righi Com De Generos Aliment Ltda","28/09/24","272758","Nota Fiscal de Consumidor Eletrônica","4324098989720100030965 0060002727581711010118","R$131,68","28/09/24","Aquisição","Normal"
"","Santana Do Livramento","Righi Com De Generos Aliment Ltda","28/09/24","272759","Nota Fiscal de Consumidor Eletrônica","4324098989720100030965 0060002727591237102093","R$26,36","28/09/24","Aquisição","Normal"
"","Santana Do Livramento","Righi Com De Generos Aliment Ltda","28/09/24","272760","Nota Fiscal de Consumidor Eletrônica","4324098989720100030965 0060002727601671052719","R$17,62","28/09/24","Aquisição","Normal"
"","Nova Santa Rita","Amazon Servicos De Varejo Do Brasil Ltda","27/09/24","23229576","Nota Fiscal Eletrônica","4324091543694000117755 0010232295761172520916","R$25,21","27/09/24","Aquisição","Normal"
"","Santana Do Livramento","Righi Com De Generos Aliment Ltda","26/09/24","221363","Nota Fiscal de Consumidor Eletrônica","4324098989720100030965 0100002213631204183154","R$27,02","26/09/24","Aquisição","Normal"
"","Santana Do Livramento","Righi Com De Generos Aliment Ltda","24/09/24","272326","Nota Fiscal de Consumidor Eletrônica","4324098989720100030965 0060002723261411059108","R$89,54","24/09/24","Aquisição","Normal"
"","Santana Do Livramento","Righi Com De Generos Aliment Ltda","21/09/24","171673","Nota Fiscal de Consumidor Eletrônica","4324098989720100030965 0090001716731517237016","R$413,05","22/09/24","Aquisição","Normal"
"","Santana Do Livramento","Supermercado Niederauer S.A.","19/09/24","366831","Nota Fiscal de Consumidor Eletrônica","4324098812521600012465 0270003668311090910516","R$97,63","21/09/24","Aquisição","Normal"
"","Santana Do Livramento","Righi Com De Generos Aliment Ltda","19/09/24","220222","Nota Fiscal de Consumidor Eletrônica","4324098989720100030965 0100002202221190111094","R$48,92","21/09/24","Aquisição","Normal"
"","Santana Do Livramento","Righi Com De Generos Aliment Ltda","18/09/24","271779","Nota Fiscal de Consumidor Eletrônica","4324098989720100030965 0060002717791488342131","R$98,59","18/09/24","Aquisição","Normal"
"","Santana Do Livramento","Righi Com De Generos Aliment Ltda","16/09/24","271567","Nota Fiscal de Consumidor Eletrônica","4324098989720100030965 0060002715671105710211","R$87,25","16/09/24","Aquisição","Normal"
"","Santana Do Livramento","Righi Com De Generos Aliment Ltda","13/09/24","279794","Nota Fiscal de Consumidor Eletrônica","4324098989720100030965 0080002797941988221002","R$213,41","13/09/24","Aquisição","Normal"
"","Santana Do Livramento","Righi Com De Generos Aliment Ltda","09/09/24","276599","Nota Fiscal de Consumidor Eletrônica","4324098989720100030965 0070002765991209101079","R$74,38","09/09/24","Aquisição","Normal"
"","Santana Do Livramento","Righi Com De Generos Aliment Ltda","03/09/24","247423","Nota Fiscal de Consumidor Eletrônica","4324098989720100022865 0240002474231104127182","R$838,29","03/09/24","Aquisição","Normal"
"","Santana Do Livramento","Com De Medic Brair Ltda","02/09/24","677320","Nota Fiscal de Consumidor Eletrônica","4324098821211301148965 0030006773201458768475","R$442,90","02/09/24","Aquisição","Normal"
"","Santana Do Livramento","Righi Com De Generos Aliment Ltda","28/08/24","277562","Nota Fiscal de Consumidor Eletrônica","4324088989720100030965 0080002775621250693675","R$263,67","28/08/24","Aquisição","Normal"
"","Santana Do Livramento","Supermercado Niederauer S.A.","27/08/24","256792","Nota Fiscal de Consumidor Eletrônica","4324088812521600012465 0340002567921784607296","R$93,19","27/08/24","Aquisição","Normal"
"","Santana Do Livramento","Righi Com De Generos Aliment Ltda","24/08/24","172124","Nota Fiscal de Consumidor Eletrônica","4324088989720100146165 0030001721241610128255","R$159,70","24/08/24","Aquisição","Normal"
"","Santana Do Livramento","Righi Com De Generos Aliment Ltda","22/08/24","214904","Nota Fiscal de Consumidor Eletrônica","4324088989720100030965 0100002149041301080591","R$148,65","22/08/24","Aquisição","Normal"
"","Santana Do Livramento","Righi Com De Generos Aliment Ltda","17/08/24","275827","Nota Fiscal de Consumidor Eletrônica","4324088989720100030965 0080002758271318271108","R$116,88","17/08/24","Aquisição","Normal"
"","Santana Do Livramento","Righi Com De Generos Aliment Ltda","15/08/24","269024","Nota Fiscal de Consumidor Eletrônica","4324088989720100030965 0060002690241484456305","R$121,69","15/08/24","Aquisição","Normal"
"","Santana Do Livramento","Righi Com De Generos Aliment Ltda","13/08/24","268859","Nota Fiscal de Consumidor Eletrônica","4324088989720100030965 0060002688591632107103","R$82,83","13/08/24","Aquisição","Normal"
"","Santana Do Livramento","Righi Com De Generos Aliment Ltda","10/08/24","25591","Nota Fiscal de Consumidor Eletrônica","4324088989720100146165 0060000255911356514507","R$143,52","10/08/24","Aquisição","Normal"
"","Santana Do Livramento","Cgr Fronteira Sul Ltda","08/08/24","43507","Nota Fiscal de Consumidor Eletrônica","4324080451162600011365 0120000435071197949113","R$233,25","09/08/24","Aquisição","Normal"
"","Santana Do Livramento","Righi Com De Generos Aliment Ltda","08/08/24","272186","Nota Fiscal de Consumidor Eletrônica","4324088989720100030965 0070002721861222804736","R$123,32","09/08/24","Aquisição","Normal"
"","Santana Do Livramento","Righi Com De Generos Aliment Ltda","02/08/24","267951","Nota Fiscal de Consumidor Eletrônica","4324088989720100030965 0060002679511349751008","R$245,63","08/08/24","Aquisição","Normal"
"","Santana Do Livramento","Supermercado Niederauer S.A.","31/07/24","282214","Nota Fiscal de Consumidor Eletrônica","4324078812521600012465 0410002822141563221010","R$16,56","07/08/24","Aquisição","Normal"
"","Santana Do Livramento","Righi Com De Generos Aliment Ltda","30/07/24","210913","Nota Fiscal de Consumidor Eletrônica","4324078989720100030965 0100002109131101801659","R$182,97","07/08/24","Aquisição","Normal"
"","Santana Do Livramento","Supermercado Niederauer S.A.","30/07/24","282126","Nota Fiscal de Consumidor Eletrônica","4324078812521600012465 0410002821261231091048","R$43,68","07/08/24","Aquisição","Normal"
"","Santana Do Livramento","Righi Com De Generos Aliment Ltda","27/07/24","182218","Nota Fiscal de Consumidor Eletrônica","4324078989720100146165 0020001822181810309310","R$164,51","27/07/24","Aquisição","Normal"
"","Santana Do Livramento","Righi Com De Generos Aliment Ltda","26/07/24","272290","Nota Fiscal de Consumidor Eletrônica","4324078989720100030965 0080002722901445775052","R$127,80","26/07/24","Aquisição","Normal"
"","Santana Do Livramento","Supermercado Niederauer S.A.","24/07/24","346370","Nota Fiscal de Consumidor Eletrônica","4324078812521600012465 0420003463701824104582","R$74,35","24/07/24","Aquisição","Normal"
"","Santana Do Livramento","Cgr Fronteira Sul Ltda","22/07/24","42825","Nota Fiscal de Consumidor Eletrônica","4324070451162600011365 0110000428251687099434","R$112,55","24/07/24","Aquisição","Normal"
"","Santana Do Livramento","Righi Com De Generos Aliment Ltda","19/07/24","266825","Nota Fiscal de Consumidor Eletrônica","4324078989720100030965 0060002668251258510101","R$59,51","24/07/24","Aquisição","Normal"
"","Santana Do Livramento","Supermercado Niederauer S.A.","13/07/24","280263","Nota Fiscal de Consumidor Eletrônica","4324078812521600012465 0410002802631775004786","R$181,94","13/07/24","Aquisição","Normal"
"","Santana Do Livramento","Righi Com De Generos Aliment Ltda","08/07/24","263350","Nota Fiscal de Consumidor Eletrônica","4324078989720100022865 0260002633501451949462","R$962,76","08/07/24","Aquisição","Normal"
"","Santana Do Livramento","Coml Dario Araujo Ltda","03/07/24","197871","Nota Fiscal de Consumidor Eletrônica","4324078863111400018065 0030001978711869974034","R$99,00","03/07/24","Aquisição","Normal"
"","Santana Do Livramento","Righi Com De Generos Aliment Ltda","03/07/24","180020","Nota Fiscal de Consumidor Eletrônica","4324078989720100146165 0020001800201211775605","R$87,07","03/07/24","Aquisição","Normal"
"","Santana Do Livramento","Righi Com De Generos Aliment Ltda","02/07/24","265639","Nota Fiscal de Consumidor Eletrônica","4324078989720100030965 0060002656391010402585","R$44,07","03/07/24","Aquisição","Normal"
"","Santana Do Livramento","Supermercado Niederauer S.A.","02/07/24","321582","Nota Fiscal de Consumidor Eletrônica","4324078812521600012465 0280003215829141571071","R$88,56","03/07/24","Aquisição","Normal"
"","Santana Do Livramento","Righi Com De Generos Aliment Ltda","28/06/24","158205","Nota Fiscal de Consumidor Eletrônica","4324068989720100030965 0090001582051840859416","R$97,10","28/06/24","Aquisição","Normal"
"","Santana Do Livramento","Com De Medic Brair Ltda","28/06/24","158088","Nota Fiscal de Consumidor Eletrônica","4324068821211312514065 0010001580889249927643","R$152,14","29/06/24","Aquisição","Normal"
"","Santana Do Livramento","Righi Com De Generos Aliment Ltda","25/06/24","157788","Nota Fiscal de Consumidor Eletrônica","4324068989720100030965 0090001577881705174643","R$40,97","25/06/24","Aquisição","Normal"
"","Santana Do Livramento","Righi Com De Generos Aliment Ltda","24/06/24","266082","Nota Fiscal de Consumidor Eletrônica","4324068989720100030965 0070002660821853973746","R$133,86","24/06/24","Aquisição","Normal"
"","Novo Hamburgo","Supreme Inox Coml Ltda","24/06/24","131593","Nota Fiscal Eletrônica","4324060748793800063155 0010001315931001377805","R$144,00","24/06/24","Aquisição","Normal"
"","Santana Do Livramento","Supermercado Niederauer S.A.","24/06/24","356992","Nota Fiscal de Consumidor Eletrônica","4324068812521600012465 0270003569921105109360","R$49,96","24/06/24","Aquisição","Normal"
"","Santana Do Livramento","Righi Com De Generos Aliment Ltda","19/06/24","256172","Nota Fiscal de Consumidor Eletrônica","4324068989720100022865 0270002561721281327171","R$262,96","19/06/24","Aquisição","Normal"
"","Santana Do Livramento","Righi Com De Generos Aliment Ltda","17/06/24","304453","Nota Fiscal de Consumidor Eletrônica","4324068989720100022865 0200003044531913991090","R$262,52","17/06/24","Aquisição","Normal"
"","Santana Do Livramento","Supermercado Niederauer S.A.","11/06/24","368684","Nota Fiscal de Consumidor Eletrônica","4324068812521600012465 0290003686841198399107","R$11,87","11/06/24","Aquisição","Normal"
"","Santana Do Livramento","Cgr Fronteira Sul Ltda","10/06/24","39112","Nota Fiscal de Consumidor Eletrônica","4324060451162600011365 0110000391121197286511","R$47,50","10/06/24","Aquisição","Normal"
"","Santana Do Livramento","Supermercado Niederauer S.A.","10/06/24","269452","Nota Fiscal de Consumidor Eletrônica","4324068812521600012465 0390002694521268307101","R$50,38","10/06/24","Aquisição","Normal"
"","Santana Do Livramento","Com De Medic Brair Ltda","09/06/24","147654","Nota Fiscal de Consumidor Eletrônica","4324068821211312514065 0010001476541218025894","R$385,60","09/06/24","Aquisição","Normal"
"","Santana Do Livramento","Supermercado Niederauer S.A.","08/06/24","248266","Nota Fiscal de Consumidor Eletrônica","4324068812521600012465 0340002482661494781073","R$99,21","08/06/24","Aquisição","Normal"
"","Santana Do Livramento","Lilas Com De Perfumarias Ltda","06/06/24","78490","Nota Fiscal de Consumidor Eletrônica","4324061295803500020665 0080000784901916440196","R$325,50","06/06/24","Aquisição","Normal"
"","Santana Do Livramento","Com De Medic Brair Ltda","06/06/24","595688","Nota Fiscal de Consumidor Eletrônica","4324068821211306891065 0010005956881354847769","R$160,76","06/06/24","Aquisição","Normal"
"","Santana Do Livramento","Supermercado Niederauer S.A.","05/06/24","250439","Nota Fiscal de Consumidor Eletrônica","4324068812521600012465 0430002504391781047258","R$48,67","05/06/24","Aquisição","Normal"
"","Santana Do Livramento","Supermercado Niederauer S.A.","04/06/24","354632","Nota Fiscal de Consumidor Eletrônica","4324068812521600012465 0270003546321673625810","R$95,85","04/06/24","Aquisição","Normal"
"","Santana Do Livramento","Com De Medic Brair Ltda","03/06/24","586102","Nota Fiscal de Consumidor Eletrônica","4324068821211301148965 0030005861021343519070","R$76,88","03/06/24","Aquisição","Normal"
"","Santana Do Livramento","Supermercado Niederauer S.A.","02/06/24","367675","Nota Fiscal de Consumidor Eletrônica","4324068812521600012465 0310003676759480940169","R$153,00","02/06/24","Aquisição","Normal"
"","Santana Do Livramento","Supermercado Niederauer S.A.","01/06/24","338244","Nota Fiscal de Consumidor Eletrônica","4324068812521600012465 0420003382441845191014","R$83,62","02/06/24","Aquisição","Normal"
"","Santana Do Livramento","Larratea Com De Comb Ltda","01/06/24","2283936","Nota Fiscal de Consumidor Eletrônica","4324060930336100018165 0010022839361278905399","R$47,80","02/06/24","Aquisição","Normal"
"","Santana Do Livramento","Righi Com De Generos Aliment Ltda","01/06/24","264024","Nota Fiscal de Consumidor Eletrônica","4324068989720100030965 0080002640241562103501","R$32,56","02/06/24","Aquisição","Normal"
"","Santana Do Livramento","Supermercado Niederauer S.A.","30/05/24","274552","Nota Fiscal de Consumidor Eletrônica","4324058812521600012465 0410002745521566730310","R$180,83","01/06/24","Aquisição","Normal"
"","Santana Do Livramento","Supermercado Niederauer S.A.","28/05/24","298209","Nota Fiscal de Consumidor Eletrônica","4324058812521600012465 0350002982091340101018","R$96,64","01/06/24","Aquisição","Normal"
"","Santana Do Livramento","Supermercado Niederauer S.A.","27/05/24","311187","Nota Fiscal de Consumidor Eletrônica","4324058812521600012465 0280003111871961038002","R$76,62","01/06/24","Aquisição","Normal"
"","Santana Do Livramento","Supermercado Niederauer S.A.","24/05/24","297783","Nota Fiscal de Consumidor Eletrônica","4324058812521600012465 0350002977831102014991","R$162,75","01/06/24","Aquisição","Normal"
"","Santana Do Livramento","Righi Com De Generos Aliment Ltda","24/05/24","199298","Nota Fiscal de Consumidor Eletrônica","4324058989720100030965 0100001992981410305698","R$38,45","01/06/24","Aquisição","Normal"
"","Santana Do Livramento","Righi Com De Generos Aliment Ltda","21/05/24","152624","Nota Fiscal de Consumidor Eletrônica","4324058989720100030965 0090001526241587748840","R$68,61","01/06/24","Aquisição","Normal"
"","Santana Do Livramento","Supermercado Niederauer S.A.","20/05/24","617659","Nota Fiscal de Consumidor Eletrônica","4324058812521600012465 0380006176591810109516","R$47,77","31/05/24","Aquisição","Normal"
"","Santana Do Livramento","Supermercado Niederauer S.A.","18/05/24","404490","Nota Fiscal de Consumidor Eletrônica","4324058812521600012465 0360004044901669231083","R$41,49","31/05/24","Aquisição","Normal"
"","Santana Do Livramento","Supermercado Niederauer S.A.","17/05/24","248536","Nota Fiscal de Consumidor Eletrônica","4324058812521600012465 0430002485361691010030","R$120,65","31/05/24","Aquisição","Normal"
"","Santana Do Livramento","Supermercado Niederauer S.A.","13/05/24","364637","Nota Fiscal de Consumidor Eletrônica","4324058812521600012465 0310003646371510649781","R$51,35","31/05/24","Aquisição","Normal"
"","Santana Do Livramento","P Gustavo Silveira Dutra","13/05/24","209417","Nota Fiscal de Consumidor Eletrônica","4324051041019100011365 0300002094171245525302","R$61,07","31/05/24","Aquisição","Normal"
"","Santana Do Livramento","Righi Com De Generos Aliment Ltda","10/05/24","260496","Nota Fiscal de Consumidor Eletrônica","4324058989720100030965 0070002604961610314310","R$124,74","30/05/24","Aquisição","Normal"
"","Santana Do Livramento","Supermercado Niederauer S.A.","07/05/24","247253","Nota Fiscal de Consumidor Eletrônica","4324058812521600012465 0430002472531542146924","R$183,92","29/05/24","Aquisição","Normal"
"","Santana Do Livramento","Supermercado Niederauer S.A.","05/05/24","350948","Nota Fiscal de Consumidor Eletrônica","4324058812521600012465 0270003509481121188105","R$214,85","05/05/24","Aquisição","Normal"
"","Santana Do Livramento","Arthur Lundgren Tec S A Casas Pernambucanas","04/05/24","52521","Nota Fiscal de Consumidor Eletrônica","4324056109983408117465 5040000525211282418275","R$309,93","04/05/24","Aquisição","Normal"
"","Santana Do Livramento","J. Jose Posada & Cia Ltda","03/05/24","6072","Nota Fiscal de Consumidor Eletrônica","4324059283899400030865 0040000060721331515631","R$32,69","03/05/24","Aquisição","Normal"
"","Santana Do Livramento","Supermercado Niederauer S.A.","02/05/24","354257","Nota Fiscal de Consumidor Eletrônica","4324058812521600012465 0320003542571621009911","R$63,23","02/05/24","Aquisição","Normal"
"","Santana Do Livramento","Supermercado Niederauer S.A.","02/05/24","265326","Nota Fiscal de Consumidor Eletrônica","4324058812521600012465 0390002653261784108802","R$66,53","02/05/24","Aquisição","Normal"
"","Santana Do Livramento","Righi Com De Generos Aliment Ltda","29/04/24","259957","Nota Fiscal de Consumidor Eletrônica","4324048989720100030965 0060002599571447298590","R$30,64","29/04/24","Aquisição","Normal"
"","Santana Do Livramento","Supermercado Niederauer S.A.","26/04/24","270535","Nota Fiscal de Consumidor Eletrônica","4324048812521600012465 0410002705351925194850","R$14,57","26/04/24","Aquisição","Normal"
"","Santana Do Livramento","Supermercado Niederauer S.A.","24/04/24","353277","Nota Fiscal de Consumidor Eletrônica","4324048812521600012465 0320003532771649400407","R$28,61","24/04/24","Aquisição","Normal"
"","Santana Do Livramento","Supermercado Niederauer S.A.","23/04/24","361622","Nota Fiscal de Consumidor Eletrônica","4324048812521600012465 0310003616221220451024","R$66,05","23/04/24","Aquisição","Normal"
"","Santana Do Livramento","Supermercado Niederauer S.A.","20/04/24","555166","Nota Fiscal de Consumidor Eletrônica","4324048812521600012465 0370005551661332045554","R$23,78","20/04/24","Aquisição","Normal"
"","Santana Do Livramento","Righi Com De Generos Aliment Ltda","20/04/24","148609","Nota Fiscal de Consumidor Eletrônica","4324048989720100030965 0090001486091301039021","R$12,28","20/04/24","Aquisição","Normal"
"","Santana Do Livramento","Supermercado Niederauer S.A.","20/04/24","555237","Nota Fiscal de Consumidor Eletrônica","4324048812521600012465 0370005552371401510218","R$30,08","20/04/24","Aquisição","Normal"
"","Santana Do Livramento","Supermercado Niederauer S.A.","18/04/24","343348","Nota Fiscal de Consumidor Eletrônica","4324048812521600012465 0300003433481551041074","R$138,57","18/04/24","Aquisição","Normal"
"","Santana Do Livramento","Righi Com De Generos Aliment Ltda","18/04/24","258010","Nota Fiscal de Consumidor Eletrônica","4324048989720100030965 0080002580101255211694","R$17,46","18/04/24","Aquisição","Normal"
"","Santana Do Livramento","Righi Com De Generos Aliment Ltda","15/04/24","256722","Nota Fiscal de Consumidor Eletrônica","4324048989720100030965 0070002567221101026106","R$67,77","15/04/24","Aquisição","Normal"
"","Nova Santa Rita","Amazon Servicos De Varejo Do Brasil Ltda","14/04/24","22092103","Nota Fiscal Eletrônica","4324041543694000117755 0010220921031109975979","R$159,30","14/04/24","Aquisição","Normal"
"","Santana Do Livramento","Supermercado Niederauer S.A.","12/04/24","351440","Nota Fiscal de Consumidor Eletrônica","4324048812521600012465 0320003514401965139103","R$30,37","12/04/24","Aquisição","Normal"
"","Santana Do Livramento","Supermercado Niederauer S.A.","10/04/24","342207","Nota Fiscal de Consumidor Eletrônica","4324048812521600012465 0300003422071441006379","R$86,43","10/04/24","Aquisição","Normal"
"","Nova Santa Rita","Amazon Servicos De Varejo Do Brasil Ltda","06/04/24","21919531","Nota Fiscal Eletrônica","4324041543694000117755 0010219195311120589208","R$74,99","06/04/24","Aquisição","Normal"
"","Santana Do Livramento","Nelson F F De Mello","05/04/24","67254","Nota Fiscal de Consumidor Eletrônica","4324048837721300018865 0120000672541785509120","R$94,70","05/04/24","Aquisição","Normal"
"","Santana Do Livramento","Supermercado Niederauer S.A.","05/04/24","292199","Nota Fiscal de Consumidor Eletrônica","4324048812521600012465 0350002921991951472715","R$179,73","05/04/24","Aquisição","Normal"
"","Santana Do Livramento","Supermercado Niederauer S.A.","03/04/24","606392","Nota Fiscal de Consumidor Eletrônica","4324048812521600012465 0380006063921293059746","R$58,71","03/04/24","Aquisição","Normal"
"","Santana Do Livramento","Supermercado Niederauer S.A.","02/04/24","329094","Nota Fiscal de Consumidor Eletrônica","4324048812521600012465 0420003290941695046329","R$76,40","02/04/24","Aquisição","Normal"
"","Santana Do Livramento","Supermercado Niederauer S.A.","01/04/24","297178","Nota Fiscal de Consumidor Eletrônica","4324048812521600012465 0280002971789284310578","R$76,85","02/04/24","Aquisição","Normal"
"","Santana Do Livramento","Supermercado Niederauer S.A.","31/03/24","605722","Nota Fiscal de Consumidor Eletrônica","4324038812521600012465 0380006057221910693622","R$75,72","31/03/24","Aquisição","Normal"
"","Santana Do Livramento","Supermercado Niederauer S.A.","30/03/24","605506","Nota Fiscal de Consumidor Eletrônica","4324038812521600012465 0380006055061191694676","R$33,66","30/03/24","Aquisição","Normal"
"","Santana Do Livramento","Supermercado Niederauer S.A.","29/03/24","283672","Nota Fiscal de Consumidor Eletrônica","4324038812521600012465 0330002836721556116535","R$64,34","29/03/24","Aquisição","Normal"
"","Santana Do Livramento","Supermercado Niederauer S.A.","28/03/24","340559","Nota Fiscal de Consumidor Eletrônica","4324038812521600012465 0300003405591832025258","R$139,01","28/03/24","Aquisição","Normal"
"","Santana Do Livramento","Supermercado Niederauer S.A.","25/03/24","242158","Nota Fiscal de Consumidor Eletrônica","4324038812521600012465 0430002421581831081881","R$68,25","25/03/24","Aquisição","Normal"
"","Santana Do Livramento","Supermercado Niederauer S.A.","24/03/24","359213","Nota Fiscal de Consumidor Eletrônica","4324038812521600012465 0290003592131764402870","R$252,85","24/03/24","Aquisição","Normal"
"","Santana Do Livramento","Supermercado Niederauer S.A.","22/03/24","240961","Nota Fiscal de Consumidor Eletrônica","4324038812521600012465 0340002409611564675018","R$7,59","22/03/24","Aquisição","Normal"
"","Santana Do Livramento","Supermercado Niederauer S.A.","19/03/24","241607","Nota Fiscal de Consumidor Eletrônica","4324038812521600012465 0430002416071395883142","R$104,12","19/03/24","Aquisição","Normal"
"","Santana Do Livramento","Com De Medic Brair Ltda","16/03/24","103857","Nota Fiscal de Consumidor Eletrônica","4324038821211312514065 0010001038571107865885","R$65,88","16/03/24","Aquisição","Normal"
"","Santana Do Livramento","Supermercado Niederauer S.A.","14/03/24","357871","Nota Fiscal de Consumidor Eletrônica","4324038812521600012465 0290003578711648529107","R$92,63","14/03/24","Aquisição","Normal"
"","Santana Do Livramento","Supermercado Niederauer S.A.","13/03/24","289159","Nota Fiscal de Consumidor Eletrônica","4324038812521600012465 0350002891591551184711","R$142,72","13/03/24","Aquisição","Normal"
"","Santana Do Livramento","Supermercado Niederauer S.A.","12/03/24","240042","Nota Fiscal de Consumidor Eletrônica","4324038812521600012465 0340002400421541067912","R$106,09","12/03/24","Aquisição","Normal"
"","Santana Do Livramento","Supermercado Niederauer S.A.","11/03/24","288915","Nota Fiscal de Consumidor Eletrônica","4324038812521600012465 0350002889151982169333","R$100,30","11/03/24","Aquisição","Normal"
"","Santana Do Livramento","Supermercado Niederauer S.A.","10/03/24","240441","Nota Fiscal de Consumidor Eletrônica","4324038812521600012465 0430002404411878710290","R$179,00","10/03/24","Aquisição","Normal"
"","Santana Do Livramento","Supermercado Niederauer S.A.","07/03/24","288504","Nota Fiscal de Consumidor Eletrônica","4324038812521600012465 0350002885041292842180","R$114,98","07/03/24","Aquisição","Normal"
"","Santana Do Livramento","Supermercado Niederauer S.A.","06/03/24","258966","Nota Fiscal de Consumidor Eletrônica","4324038812521600012465 0390002589669604922260","R$100,61","06/03/24","Aquisição","Normal"
"","Santana Do Livramento","Supermercado Niederauer S.A.","05/03/24","353739","Nota Fiscal de Consumidor Eletrônica","4324038812521600012465 0310003537391027103219","R$29,67","06/03/24","Aquisição","Normal"
"","Santana Do Livramento","Righi Com De Generos Aliment Ltda","05/03/24","254854","Nota Fiscal de Consumidor Eletrônica","4324038989720100030965 0060002548541233680644","R$17,38","06/03/24","Aquisição","Normal"
"","Santana Do Livramento","Supermercado Niederauer S.A.","02/03/24","238809","Nota Fiscal de Consumidor Eletrônica","4324038812521600012465 0340002388091783902394","R$147,34","02/03/24","Aquisição","Normal"
"","Santana Do Livramento","Supermercado Niederauer S.A.","27/02/24","323998","Nota Fiscal de Consumidor Eletrônica","4324028812521600012465 0420003239981824840232","R$121,51","27/02/24","Aquisição","Normal"
"","Santana Do Livramento","Righi Com De Generos Aliment Ltda","26/02/24","142415","Nota Fiscal de Consumidor Eletrônica","4324028989720100030965 0090001424151103029927","R$55,71","26/02/24","Aquisição","Normal"
"","Santana Do Livramento","Supermercado Niederauer S.A.","24/02/24","257635","Nota Fiscal de Consumidor Eletrônica","4324028812521600012465 0390002576351701064918","R$33,27","24/02/24","Aquisição","Normal"
"","Santana Do Livramento","Supermercado Niederauer S.A.","23/02/24","343622","Nota Fiscal de Consumidor Eletrônica","4324028812521600012465 0320003436221134948782","R$62,62","23/02/24","Aquisição","Normal"
"","Santana Do Livramento","Supermercado Niederauer S.A.","22/02/24","545177","Nota Fiscal de Consumidor Eletrônica","4324028812521600012465 0370005451771302777711","R$43,12","22/02/24","Aquisição","Normal"
"","Santana Do Livramento","Supermercado Niederauer S.A.","21/02/24","279430","Nota Fiscal de Consumidor Eletrônica","4324028812521600012465 0330002794301902272500","R$16,65","21/02/24","Aquisição","Normal"
"","Santana Do Livramento","Supermercado Niederauer S.A.","20/02/24","279320","Nota Fiscal de Consumidor Eletrônica","4324028812521600012465 0330002793201119210787","R$15,97","20/02/24","Aquisição","Normal"
"","Santana Do Livramento","Supermercado Niederauer S.A.","19/02/24","342884","Nota Fiscal de Consumidor Eletrônica","4324028812521600012465 0320003428841011375503","R$33,76","19/02/24","Aquisição","Normal"
"","Santana Do Livramento","Supermercado Niederauer S.A.","18/02/24","342022","Nota Fiscal de Consumidor Eletrônica","4324028812521600012465 0270003420221873610101","R$102,64","18/02/24","Aquisição","Normal"
"","Santana Do Livramento","Supermercado Niederauer S.A.","16/02/24","354306","Nota Fiscal de Consumidor Eletrônica","4324028812521600012465 0290003543061501666243","R$31,47","16/02/24","Aquisição","Normal"
"","Santana Do Livramento","Supermercado Niederauer S.A.","15/02/24","261824","Nota Fiscal de Consumidor Eletrônica","4324028812521600012465 0410002618241804295996","R$98,06","15/02/24","Aquisição","Normal"
"","Santana Do Livramento","Supermercado Niederauer S.A.","14/02/24","285932","Nota Fiscal de Consumidor Eletrônica","4324028812521600012465 0350002859321210105992","R$59,00","14/02/24","Aquisição","Normal"
"","Santana Do Livramento","Supermercado Niederauer S.A.","12/02/24","543457","Nota Fiscal de Consumidor Eletrônica","4324028812521600012465 0370005434571861822691","R$49,67","14/02/24","Aquisição","Normal"
"","Santana Do Livramento","Righi Com De Generos Aliment Ltda","11/02/24","247586","Nota Fiscal de Consumidor Eletrônica","4324028989720100030965 0070002475861140031026","R$89,26","14/02/24","Aquisição","Normal"
"","Santana Do Livramento","Righi Com De Generos Aliment Ltda","09/02/24","140175","Nota Fiscal de Consumidor Eletrônica","4324028989720100030965 0090001401759610002777","R$64,83","14/02/24","Aquisição","Normal"
"","Santana Do Livramento","Righi Com De Generos Aliment Ltda","08/02/24","139970","Nota Fiscal de Consumidor Eletrônica","4324028989720100030965 0090001399701873915101","R$37,04","08/02/24","Aquisição","Normal"
"","Santana Do Livramento","Supermercado Niederauer S.A.","07/02/24","353066","Nota Fiscal de Consumidor Eletrônica","4324028812521600012465 0290003530661438909048","R$60,06","07/02/24","Aquisição","Normal"
"","Santana Do Livramento","Righi Com De Generos Aliment Ltda","05/02/24","139652","Nota Fiscal de Consumidor Eletrônica","4324028989720100030965 0090001396521634985074","R$40,50","05/02/24","Aquisição","Normal"
"","Santana Do Livramento","Supermercado Niederauer S.A.","03/02/24","284549","Nota Fiscal de Consumidor Eletrônica","4324028812521600012465 0350002845491643752677","R$112,46","03/02/24","Aquisição","Normal"
"","Santana Do Livramento","Righi Com De Generos Aliment Ltda","01/02/24","178495","Nota Fiscal de Consumidor Eletrônica","4324028989720100030965 0100001784951641928956","R$92,45","01/02/24","Aquisição","Normal"
"","Santana Do Livramento","Righi Com De Generos Aliment Ltda","30/01/24","252100","Nota Fiscal de Consumidor Eletrônica","4324018989720100030965 0060002521001339503562","R$45,87","30/01/24","Aquisição","Normal"
"","Santana Do Livramento","Com De Medic Brair Ltda","29/01/24","466347","Nota Fiscal de Consumidor Eletrônica","4324018821211301148965 0030004663471217479999","R$38,88","29/01/24","Aquisição","Normal"
"","Santana Do Livramento","Righi Com De Generos Aliment Ltda","28/01/24","245608","Nota Fiscal de Consumidor Eletrônica","4324018989720100030965 0070002456081810104300","R$43,00","28/01/24","Aquisição","Normal"
"","Santana Do Livramento","Supermercado Niederauer S.A.","28/01/24","339402","Nota Fiscal de Consumidor Eletrônica","4324018812521600012465 0320003394021252820910","R$26,72","28/01/24","Aquisição","Normal"
"","Santana Do Livramento","Righi Com De Generos Aliment Ltda","27/01/24","177494","Nota Fiscal de Consumidor Eletrônica","4324018989720100030965 0100001774941111010107","R$114,71","27/01/24","Aquisição","Normal"
"","Santana Do Livramento","Com De Medic Brair Ltda","26/01/24","463724","Nota Fiscal de Consumidor Eletrônica","4324018821211301148965 0030004637249215040417","R$73,95","26/01/24","Aquisição","Normal"
"","Santana Do Livramento","Materia Prima Suplementos Alimentares Ltda","25/01/24","6300","Nota Fiscal de Consumidor Eletrônica","4324012431373900038365 0010000063001302976987","R$235,90","25/01/24","Aquisição","Normal"
"","Santana Do Livramento","Cgr Fronteira Sul Ltda","25/01/24","20758","Nota Fiscal de Consumidor Eletrônica","4324010451162600011365 0130000207581697930624","R$138,75","25/01/24","Aquisição","Normal"
"","Santana Do Livramento","Righi Com De Generos Aliment Ltda","25/01/24","138523","Nota Fiscal de Consumidor Eletrônica","4324018989720100030965 0090001385231810469805","R$36,07","25/01/24","Aquisição","Normal"
"","Santana Do Livramento","Supermercado Niederauer S.A.","24/01/24","283554","Nota Fiscal de Consumidor Eletrônica","4324018812521600012465 0350002835541852027012","R$102,52","24/01/24","Aquisição","Normal"
"","Santana Do Livramento","Righi Com De Generos Aliment Ltda","23/01/24","244739","Nota Fiscal de Consumidor Eletrônica","4324018989720100030965 0070002447391655447005","R$29,82","23/01/24","Aquisição","Normal"
"","Santana Do Livramento","Righi Com De Generos Aliment Ltda","21/01/24","138242","Nota Fiscal de Consumidor Eletrônica","4324018989720100030965 0090001382429108797320","R$46,21","21/01/24","Aquisição","Normal"
"","Santana Do Livramento","Righi Com De Generos Aliment Ltda","20/01/24","243028","Nota Fiscal de Consumidor Eletrônica","4324018989720100030965 0080002430289625994810","R$44,90","20/01/24","Aquisição","Normal"
"","Nova Santa Rita","Amazon Servicos De Varejo Do Brasil Ltda","18/01/24","20407422","Nota Fiscal Eletrônica","4324011543694000117755 0010204074221192691544","R$469,54","18/01/24","Aquisição","Normal"
"","Santana Do Livramento","Osmar Nicolini Comercio E Distribuicao S.A.","18/01/24","30532","Nota Fiscal de Consumidor Eletrônica","4324018983567200217465 1090000305321000438210","R$77,96","18/01/24","Aquisição","Normal"
"","Santana Do Livramento","Supermercado Niederauer S.A.","16/01/24","345828","Nota Fiscal de Consumidor Eletrônica","4324018812521600012465 0310003458281040596673","R$54,44","16/01/24","Aquisição","Normal"
"","Santana Do Livramento","Osmar Nicolini Comercio E Distribuicao S.A.","16/01/24","25529","Nota Fiscal de Consumidor Eletrônica","4324018983567200217465 1120000255291000353147","R$58,27","16/01/24","Aquisição","Normal"
"","Santana Do Livramento","Righi Com De Generos Aliment Ltda","15/01/24","250827","Nota Fiscal de Consumidor Eletrônica","4324018989720100030965 0060002508279101075053","R$36,92","15/01/24","Aquisição","Normal"
"","Santana Do Livramento","Righi Com De Generos Aliment Ltda","13/01/24","243338","Nota Fiscal de Consumidor Eletrônica","4324018989720100030965 0070002433381321584329","R$106,06","13/01/24","Aquisição","Normal"
"","Santana Do Livramento","Righi Com De Generos Aliment Ltda","12/01/24","174914","Nota Fiscal de Consumidor Eletrônica","4324018989720100030965 0100001749141104565134","R$7,99","12/01/24","Aquisição","Normal"
"","Santana Do Livramento","Osmar Nicolini Comercio E Distribuicao S.A.","12/01/24","39933","Nota Fiscal de Consumidor Eletrônica","4324018983567200217465 1070000399331000557748","R$56,37","12/01/24","Aquisição","Normal"
"","Santana Do Livramento","Righi Com De Generos Aliment Ltda","11/01/24","250459","Nota Fiscal de Consumidor Eletrônica","4324018989720100030965 0060002504591344610910","R$70,72","11/01/24","Aquisição","Normal"
"","Bom Principio","M D Mov Ltda","11/01/24","2442182","Nota Fiscal Eletrônica","4324018904264200016755 0010024421821311883523","R$759,99","11/01/24","Aquisição","Normal"
"","Santana Do Livramento","Righi Com De Generos Aliment Ltda","11/01/24","174821","Nota Fiscal de Consumidor Eletrônica","4324018989720100030965 0100001748219269005423","R$23,48","11/01/24","Aquisição","Normal"
"","Nova Santa Rita","Amazon Servicos De Varejo Do Brasil Ltda","10/01/24","20252530","Nota Fiscal Eletrônica","4324011543694000117755 0010202525301195732427","R$68,42","10/01/24","Aquisição","Normal"
"","Nova Santa Rita","Amazon Servicos De Varejo Do Brasil Ltda","10/01/24","20252608","Nota Fiscal Eletrônica","4324011543694000117755 0010202526081120433702","R$68,42","10/01/24","Aquisição","Normal"
"","Santana Do Livramento","Supermercado Niederauer S.A.","09/01/24","257432","Nota Fiscal de Consumidor Eletrônica","4324018812521600012465 0410002574321810301072","R$50,12","09/01/24","Aquisição","Normal"
"","Santana Do Livramento","Righi Com De Generos Aliment Ltda","09/01/24","242562","Nota Fiscal de Consumidor Eletrônica","4324018989720100030965 0070002425621128774938","R$25,12","09/01/24","Aquisição","Normal"
"","Santana Do Livramento","Righi Com De Generos Aliment Ltda","08/01/24","250050","Nota Fiscal de Consumidor Eletrônica","4324018989720100030965 0060002500509247105105","R$32,56","08/01/24","Aquisição","Normal"
"","Santana Do Livramento","Righi Com De Generos Aliment Ltda","08/01/24","241144","Nota Fiscal de Consumidor Eletrônica","4324018989720100030965 0080002411449346432700","R$30,24","08/01/24","Aquisição","Normal"
"","Santana Do Livramento","Nelson F F De Mello","06/01/24","104607","Nota Fiscal de Consumidor Eletrônica","4324018837721300018865 0100001046071775572100","R$320,70","06/01/24","Aquisição","Normal"
"","Santana Do Livramento","Righi Com De Generos Aliment Ltda","06/01/24","136532","Nota Fiscal de Consumidor Eletrônica","4324018989720100030965 0090001365321810581842","R$42,60","06/01/24","Aquisição","Normal"
"","Santana Do Livramento","Duca Materiais De Construcao Ltda","05/01/24","13876","Nota Fiscal de Consumidor Eletrônica","4324011979322200021865 0120000138761016139123","R$230,00","05/01/24","Aquisição","Normal"
"","Nova Santa Rita","Amazon Servicos De Varejo Do Brasil Ltda","05/01/24","20164874","Nota Fiscal Eletrônica","4324011543694000117755 0010201648741151376952","R$35,98","05/01/24","Aquisição","Normal"
"","Santana Do Livramento","Righi Com De Generos Aliment Ltda","05/01/24","136373","Nota Fiscal de Consumidor Eletrônica","4324018989720100030965 0090001363731204183106","R$37,78","05/01/24","Aquisição","Normal"
"","Santana Do Livramento","Righi Com De Generos Aliment Ltda","04/01/24","241725","Nota Fiscal de Consumidor Eletrônica","4324018989720100030965 0070002417251610485553","R$116,40","04/01/24","Aquisição","Normal"
"","Santana Do Livramento","Com De Medic Brair Ltda","04/01/24","70325","Nota Fiscal de Consumidor Eletrônica","4324018821211312514065 0010000703251494567590","R$48,45","04/01/24","Aquisição","Normal"
"","Santana Do Livramento","Righi Com De Generos Aliment Ltda","03/01/24","240292","Nota Fiscal de Consumidor Eletrônica","4324018989720100030965 0080002402921107108181","R$61,15","03/01/24","Aquisição","Normal"
"","Santana Do Livramento","Righi Com De Generos Aliment Ltda","02/01/24","240138","Nota Fiscal de Consumidor Eletrônica","4324018989720100030965 0080002401381353336438","R$29,07","02/01/24","Aquisição","Normal"
"","Santana Do Livramento","Pampa Materiais De Construcao Ltda","02/01/24","9256","Nota Fiscal de Consumidor Eletrônica","4324010050950400013165 0010000092569856827923","R$45,30","06/02/24","Aquisição","Normal"
"","Santana Do Livramento","Com De Medic Brair Ltda","01/01/24","68771","Nota Fiscal de Consumidor Eletrônica","4324018821211312514065 0010000687711472951921","R$46,67","01/01/24","Aquisição","Normal"